dnsmos_BAK,dnsmos_BAK_raw,dnsmos_OVRL,dnsmos_OVRL_raw,dnsmos_P808_MOS,dnsmos_SIG,dnsmos_SIG_raw,file,sigmos_MOS_COL,sigmos_MOS_DISC,sigmos_MOS_LOUD,sigmos_MOS_NOISE,sigmos_MOS_OVRL,sigmos_MOS_REVERB,sigmos_MOS_SIG
1.1042428497808363,1.0170116424560547,1.0974354156280715,1.0036956071853638,2.3153445720672607,1.1864381225919898,1.0422536134719849,nearend.wav,3.4341301918029785,4.43254280090332,1.955411672592163,1.0011324882507324,1.2434204816818237,4.1792097091674805,2.3777883052825928
