dnsmos_BAK,dnsmos_BAK_raw,dnsmos_OVRL,dnsmos_OVRL_raw,dnsmos_P808_MOS,dnsmos_SIG,dnsmos_SIG_raw,file,sigmos_MOS_COL,sigmos_MOS_DISC,sigmos_MOS_LOUD,sigmos_MOS_NOISE,sigmos_MOS_OVRL,sigmos_MOS_REVERB,sigmos_MOS_SIG
2.412945019104136,2.115943431854248,2.0220543476563875,2.021214246749878,2.3620615005493164,2.902407978216928,2.992046356201172,outputs\enhanced\nearend_enh.wav,3.104628086090088,3.7012414932250977,2.594217538833618,1.165673017501831,1.6318682432174683,4.169605255126953,2.637706756591797
